{
  "dateTime": "%x, %X",
  "date": "%-d/%-m/%Y",
  "time": "%-I:%M:%S %p",
  "periods": ["ص", "م"],
  "days": ["الأحد", "الإثنين", "الثلاثاء", "الأربعاء", "الخميس", "الجمعة", "السبت"],
  "shortDays": ["أحد", "إثنين", "ثلاثاء", "أربعاء", "خميس", "جمعة", "سبت"],
  "months": ["كانون الثاني", "شباط", "آذار", "نيسان", "أيار", "حزيران", "تموز", "آب", "أيلول", "تشرين الأول", "تشرين الثاني", "كانون الأول"],
  "shortMonths": ["ك٢", "شباط", "آذار", "نيسان", "أيار", "حزيران", "تموز", "آب", "أيلول", "ت١", "ت٢", "ك١"]
}
