{
  "dateTime": "%x, %X",
  "date": "%-d/%-m/%Y",
  "time": "%-I:%M:%S %p",
  "periods": ["ص", "م"],
  "days": ["الأحد", "الإثنين", "الثلاثاء", "الأربعاء", "الخميس", "الجمعة", "السبت"],
  "shortDays": ["أحد", "إثنين", "ثلاثاء", "أربعاء", "خميس", "جمعة", "سبت"],
  "months": ["يناير", "فبراير", "مارس", "أبريل", "مايو", "يونيو", "يوليو", "أغسطس", "سبتمبر", "أكتوبر", "نوفمبر", "ديسمبر"],
  "shortMonths": ["يناير", "فبراير", "مارس", "أبريل", "مايو", "يونيو", "يوليو", "أغسطس", "سبتمبر", "أكتوبر", "نوفمبر", "ديسمبر"]
}
